market_id,outcome,time,bucket_ms,open,high,low,close,volume,quote_volume,trade_count,synthetic
5060604,Up,2026-09-29T01:55:01.000Z,1790646901000,0.54,0.54,0.54,0.54,9.53,5.1462,1,False
5060604,Up,2026-09-29T01:55:02.000Z,1790646902000,0.55,0.63,0.55,0.63,224.711586,132.42959918,7,False
5060604,Down,2026-09-29T01:55:03.000Z,1790646903000,0.38,0.39,0.38,0.39,72.490513,27.67460007,3,False
5060604,Up,2026-09-29T01:55:03.000Z,1790646903000,0.63,0.63,0.62,0.62,37.588325,23.3999996,4,False
5060604,Up,2026-09-29T01:55:04.000Z,1790646904000,0.62,0.63,0.62,0.63,160.948783,100.34380102,5,False
5060604,Down,2026-09-29T01:55:05.000Z,1790646905000,0.38,0.4,0.37,0.4,138.226027,53.08599026,9,False
5060604,Up,2026-09-29T01:55:05.000Z,1790646905000,0.63,0.63,0.63,0.63,7.936508,5.00000004,1,False
5060604,Down,2026-09-29T01:55:06.000Z,1790646906000,0.41,0.41,0.41,0.41,25.170732,10.32000012,1,False
5060604,Up,2026-09-29T01:55:06.000Z,1790646906000,0.6,0.6,0.6,0.6,14.333332,8.5999992,2,False
5060604,Down,2026-09-29T01:55:07.000Z,1790646907000,0.41,0.41,0.41,0.41,9.97561,4.0900001,2,False
5060604,Up,2026-09-29T01:55:07.000Z,1790646907000,0.6,0.6,0.6,0.6,21.666667,13.0000002,2,False
5060604,Down,2026-09-29T01:55:08.000Z,1790646908000,0.41,0.46,0.41,0.46,11.948696,5.30440016,3,False
5060604,Up,2026-09-29T01:55:08.000Z,1790646908000,0.56,0.56,0.55,0.55,14.545455,8.08000025,2,False
5060604,Down,2026-09-29T01:55:09.000Z,1790646909000,0.46,0.46,0.46,0.46,60,27.6,1,False
5060604,Down,2026-09-29T01:55:10.000Z,1790646910000,0.47,0.49,0.47,0.49,16.760747,8.00000007,2,False
5060604,Up,2026-09-29T01:55:10.000Z,1790646910000,0.54,0.54,0.54,0.54,1.851852,1.00000008,1,False
5060604,Up,2026-09-29T01:55:11.000Z,1790646911000,0.52,0.55,0.52,0.55,58.181817,30.99999935,3,False
5060604,Down,2026-09-29T01:55:12.000Z,1790646912000,0.46,0.46,0.46,0.46,10.869566,5.00000036,1,False
5060604,Up,2026-09-29T01:55:12.000Z,1790646912000,0.56,0.56,0.56,0.56,35.714286,20.00000016,1,False
5060604,Down,2026-09-29T01:55:13.000Z,1790646913000,0.45,0.55,0.45,0.55,44.993914,21.84720044,6,False
5060604,Up,2026-09-29T01:55:13.000Z,1790646913000,0.55,0.55,0.55,0.55,5,2.75,1,False
5060604,Down,2026-09-29T01:55:14.000Z,1790646914000,0.5,0.5,0.5,0.5,5.5,2.75,1,False
5060604,Up,2026-09-29T01:55:14.000Z,1790646914000,0.49,0.49,0.49,0.49,5,2.45,1,False
5060604,Down,2026-09-29T01:55:15.000Z,1790646915000,0.5,0.55,0.5,0.55,22.1123,11.20000028,3,False
5060604,Up,2026-09-29T01:55:16.000Z,1790646916000,0.48,0.48,0.48,0.48,6,2.88,1,False
5060604,Down,2026-09-29T01:55:17.000Z,1790646917000,0.52,0.52,0.52,0.52,22.96154,11.9400008,2,False
5060604,Up,2026-09-29T01:55:17.000Z,1790646917000,0.48,0.49,0.48,0.49,16.470817,7.92640033,3,False
5060604,Down,2026-09-29T01:55:18.000Z,1790646918000,0.52,0.52,0.45,0.45,242.307693,122.50000036,2,False
5060604,Up,2026-09-29T01:55:18.000Z,1790646918000,0.48,0.55,0.48,0.55,34.054899,17.18990051,6,False
5060604,Down,2026-09-29T01:55:19.000Z,1790646919000,0.42,0.42,0.42,0.42,0.01,0.0042,1,False
5060604,Up,2026-09-29T01:55:19.000Z,1790646919000,0.58,0.58,0.58,0.58,40,23.2,2,False
5060604,Up,2026-09-29T01:55:20.000Z,1790646920000,0.59,0.59,0.58,0.58,58.135142,33.78939931,4,False
5060604,Up,2026-09-29T01:55:21.000Z,1790646921000,0.58,0.58,0.58,0.58,4.310345,2.5000001,1,False
5060604,Down,2026-09-29T01:55:22.000Z,1790646922000,0.41,0.42,0.41,0.42,42,17.59,2,False
5060604,Up,2026-09-29T01:55:22.000Z,1790646922000,0.58,0.6,0.58,0.6,65,38.9,3,False
5060604,Down,2026-09-29T01:55:23.000Z,1790646923000,0.43,0.43,0.43,0.43,50,21.5,1,False
5060604,Up,2026-09-29T01:55:23.000Z,1790646923000,0.58,0.58,0.58,0.58,10,5.8,1,False
5060604,Down,2026-09-29T01:55:24.000Z,1790646924000,0.47,0.47,0.47,0.47,4.893618,2.30000046,1,False
5060604,Down,2026-09-29T01:55:25.000Z,1790646925000,0.46,0.46,0.46,0.46,217.391305,100.0000003,1,False
5060604,Up,2026-09-29T01:55:25.000Z,1790646925000,0.54,0.55,0.54,0.55,53.090908,28.7599994,2,False
5060604,Down,2026-09-29T01:55:26.000Z,1790646926000,0.46,0.49,0.46,0.49,80,38.95,3,False
5060604,Up,2026-09-29T01:55:26.000Z,1790646926000,0.55,0.55,0.55,0.55,136.363637,75.00000035,1,False
5060604,Up,2026-09-29T01:55:27.000Z,1790646927000,0.54,0.54,0.54,0.54,16,8.64,1,False
5060604,Down,2026-09-29T01:55:28.000Z,1790646928000,0.47,0.47,0.47,0.47,5,2.35,1,False
5060604,Up,2026-09-29T01:55:28.000Z,1790646928000,0.54,0.54,0.54,0.54,5,2.7,1,False
5060604,Up,2026-09-29T01:55:29.000Z,1790646929000,0.54,0.54,0.54,0.54,3.703704,2.00000016,1,False
5060604,Up,2026-09-29T01:55:30.000Z,1790646930000,0.54,0.54,0.53,0.53,78.738149,42.36270046,5,False
5060604,Down,2026-09-29T01:55:31.000Z,1790646931000,0.51,0.51,0.51,0.51,97.115385,49.52884635,1,False
5060604,Up,2026-09-29T01:55:31.000Z,1790646931000,0.49,0.49,0.49,0.49,66.591838,32.63000062,5,False
5060604,Up,2026-09-29T01:55:32.000Z,1790646932000,0.49,0.49,0.49,0.49,4.081634,2.00000066,2,False
5060604,Down,2026-09-29T01:55:33.000Z,1790646933000,0.52,0.56,0.52,0.56,177.207273,96.40760015,6,False
5060604,Up,2026-09-29T01:55:33.000Z,1790646933000,0.49,0.49,0.44,0.44,79.545455,37.5000002,3,False
5060604,Down,2026-09-29T01:55:34.000Z,1790646934000,0.57,0.59,0.57,0.59,75.07772,43.5442004,5,False
5060604,Up,2026-09-29T01:55:34.000Z,1790646934000,0.44,0.44,0.42,0.42,6.828182,3.00420008,2,False
5060604,Down,2026-09-29T01:55:35.000Z,1790646935000,0.6,0.6,0.6,0.6,42.349996,25.4099976,3,False
5060604,Up,2026-09-29T01:55:35.000Z,1790646935000,0.41,0.41,0.4,0.41,40.894392,16.74800072,4,False
5060604,Down,2026-09-29T01:55:36.000Z,1790646936000,0.61,0.61,0.61,0.61,40.327869,24.60000009,3,False
5060604,Down,2026-09-29T01:55:37.000Z,1790646937000,0.63,0.65,0.63,0.65,148.798077,94.50000005,7,False
5060604,Up,2026-09-29T01:55:37.000Z,1790646937000,0.38,0.38,0.36,0.36,112.024264,41.30000108,7,False
5060604,Down,2026-09-29T01:55:38.000Z,1790646938000,0.62,0.62,0.59,0.59,310.209678,183.22000036,3,False
5060604,Up,2026-09-29T01:55:38.000Z,1790646938000,0.38,0.49,0.38,0.49,29.84339,12.13000042,5,False
5060604,Up,2026-09-29T01:55:39.000Z,1790646939000,0.47,0.48,0.47,0.48,20.15,9.5205,3,False
5060604,Up,2026-09-29T01:55:41.000Z,1790646941000,0.47,0.47,0.47,0.47,116.75,54.8725,1,False
5060604,Up,2026-09-29T01:55:42.000Z,1790646942000,0.48,0.48,0.46,0.46,21.668334,10.37160032,5,False
5060604,Up,2026-09-29T01:55:44.000Z,1790646944000,0.48,0.48,0.48,0.48,2.7,1.296,1,False
5060604,Up,2026-09-29T01:55:45.000Z,1790646945000,0.5,0.54,0.5,0.54,112.241852,59.78670008,6,False
5060604,Up,2026-09-29T01:55:46.000Z,1790646946000,0.53,0.53,0.49,0.49,62.96,31.3688,2,False
5060604,Up,2026-09-29T01:55:47.000Z,1790646947000,0.49,0.49,0.49,0.49,40.816327,20.00000023,1,False
5060604,Up,2026-09-29T01:55:48.000Z,1790646948000,0.49,0.52,0.49,0.52,14.932858,7.55080042,3,False
5060604,Down,2026-09-29T01:55:49.000Z,1790646949000,0.49,0.49,0.49,0.49,48.33,23.6817,1,False
5060604,Down,2026-09-29T01:55:50.000Z,1790646950000,0.52,0.52,0.52,0.52,5,2.6,1,False
5060604,Up,2026-09-29T01:55:50.000Z,1790646950000,0.49,0.49,0.49,0.49,6.122449,3.00000001,1,False
5060604,Down,2026-09-29T01:55:51.000Z,1790646951000,0.52,0.55,0.52,0.55,65.454546,35.4000003,2,False
5060604,Up,2026-09-29T01:55:51.000Z,1790646951000,0.49,0.49,0.43,0.43,13.448031,6.40000027,3,False
5060604,Down,2026-09-29T01:55:52.000Z,1790646952000,0.61,0.61,0.59,0.59,35.99339,21.2761001,5,False
5060604,Down,2026-09-29T01:55:53.000Z,1790646953000,0.6,0.6,0.6,0.6,1.666667,1.0000002,1,False
5060604,Up,2026-09-29T01:55:53.000Z,1790646953000,0.41,0.42,0.41,0.42,247.6194,103.92697726,2,False
5060604,Down,2026-09-29T01:55:54.000Z,1790646954000,0.58,0.58,0.58,0.58,1.775861,1.02999938,1,False
5060604,Up,2026-09-29T01:55:54.000Z,1790646954000,0.43,0.43,0.42,0.42,29.54349,12.5478007,3,False
5060604,Up,2026-09-29T01:55:55.000Z,1790646955000,0.43,0.47,0.43,0.47,57,24.76,3,False
5060604,Down,2026-09-29T01:55:56.000Z,1790646956000,0.51,0.51,0.5,0.5,2.18,1.1117,2,False
5060604,Up,2026-09-29T01:55:56.000Z,1790646956000,0.49,0.5,0.49,0.5,67.813878,33.52870022,10,False
5060604,Up,2026-09-29T01:55:57.000Z,1790646957000,0.52,0.54,0.52,0.54,51.99,27.8946,6,False
5060604,Down,2026-09-29T01:55:58.000Z,1790646958000,0.52,0.52,0.52,0.52,10.63,5.5276,1,False
5060604,Up,2026-09-29T01:55:58.000Z,1790646958000,0.48,0.48,0.48,0.48,10.416667,5.00000016,1,False
5060604,Up,2026-09-29T01:56:00.000Z,1790646960000,0.5,0.5,0.5,0.5,15,7.5,2,False
5060604,Down,2026-09-29T01:56:01.000Z,1790646961000,0.52,0.54,0.52,0.53,145.377359,77.05000027,8,False
5060604,Up,2026-09-29T01:56:01.000Z,1790646961000,0.47,0.47,0.47,0.47,2.13766,1.0047002,2,False
5060604,Down,2026-09-29T01:56:02.000Z,1790646962000,0.53,0.58,0.53,0.58,79.360153,43.88999982,3,False
5060604,Up,2026-09-29T01:56:02.000Z,1790646962000,0.43,0.43,0.43,0.43,232.55814,100.0000002,1,False
5060604,Down,2026-09-29T01:56:03.000Z,1790646963000,0.53,0.53,0.53,0.53,188.055556,99.66944468,1,False
5060604,Up,2026-09-29T01:56:03.000Z,1790646963000,0.45,0.47,0.45,0.46,15,6.9,3,False
5060604,Down,2026-09-29T01:56:04.000Z,1790646964000,0.54,0.55,0.54,0.55,190.185186,102.75000044,2,False
5060604,Down,2026-09-29T01:56:05.000Z,1790646965000,0.55,0.55,0.55,0.55,181.818182,100.0000001,1,False
5060604,Up,2026-09-29T01:56:05.000Z,1790646965000,0.44,0.44,0.44,0.44,128.636364,56.60000016,2,False
5060604,Up,2026-09-29T01:56:06.000Z,1790646966000,0.47,0.56,0.47,0.55,85.053898,45.92500106,15,False
5060604,Down,2026-09-29T01:56:07.000Z,1790646967000,0.44,0.44,0.44,0.44,44.568183,19.61000052,3,False
5060604,Up,2026-09-29T01:56:07.000Z,1790646967000,0.56,0.58,0.56,0.58,25.45,14.652,2,False
5060604,Down,2026-09-29T01:56:08.000Z,1790646968000,0.4,0.4,0.4,0.4,5,2,1,False
5060604,Up,2026-09-29T01:56:08.000Z,1790646968000,0.58,0.6,0.58,0.6,100.306323,59.02400068,6,False
5060604,Down,2026-09-29T01:56:09.000Z,1790646969000,0.41,0.43,0.41,0.43,120.73,50.8366,6,False
5060604,Down,2026-09-29T01:56:10.000Z,1790646970000,0.4,0.44,0.4,0.43,24.811112,10.61688928,4,False
5060604,Up,2026-09-29T01:56:10.000Z,1790646970000,0.6,0.6,0.59,0.6,37.79,22.5961,3,False
5060604,Down,2026-09-29T01:56:11.000Z,1790646971000,0.47,0.47,0.47,0.47,10.638298,5.00000006,1,False
5060604,Up,2026-09-29T01:56:11.000Z,1790646971000,0.54,0.57,0.54,0.57,72.851852,41.02000008,4,False
5060604,Down,2026-09-29T01:56:12.000Z,1790646972000,0.43,0.47,0.43,0.47,24.168937,10.52860039,3,False
5060604,Down,2026-09-29T01:56:16.000Z,1790646976000,0.44,0.44,0.44,0.44,13.636364,6.00000016,1,False
5060604,Up,2026-09-29T01:56:17.000Z,1790646977000,0.57,0.57,0.57,0.57,14.929825,8.51000025,1,False
5060604,Up,2026-09-29T01:56:18.000Z,1790646978000,0.57,0.57,0.57,0.57,14,7.98,1,False
5060604,Up,2026-09-29T01:56:19.000Z,1790646979000,0.58,0.61,0.57,0.57,61.172632,36.32320024,5,False
5060604,Up,2026-09-29T01:56:20.000Z,1790646980000,0.53,0.53,0.53,0.53,3.773585,2.00000005,1,False
5060604,Up,2026-09-29T01:56:21.000Z,1790646981000,0.55,0.55,0.55,0.55,50.963637,28.03000035,1,False
5060604,Up,2026-09-29T01:56:22.000Z,1790646982000,0.55,0.55,0.55,0.55,12.727273,7.00000015,1,False
5060604,Up,2026-09-29T01:56:23.000Z,1790646983000,0.55,0.55,0.55,0.55,90.909091,50.00000005,1,False
5060604,Up,2026-09-29T01:56:24.000Z,1790646984000,0.57,0.59,0.57,0.59,55.083332,31.49916588,2,False
5060604,Down,2026-09-29T01:56:26.000Z,1790646986000,0.47,0.47,0.47,0.47,2.12766,1.0000002,1,False
5060604,Up,2026-09-29T01:56:26.000Z,1790646986000,0.54,0.54,0.54,0.54,46.296297,25.00000038,1,False
5060604,Down,2026-09-29T01:56:27.000Z,1790646987000,0.47,0.47,0.47,0.47,53.19149,25.0000003,1,False
5060604,Up,2026-09-29T01:56:28.000Z,1790646988000,0.55,0.55,0.55,0.55,9.09091,5.0000005,1,False
5060604,Down,2026-09-29T01:56:29.000Z,1790646989000,0.43,0.43,0.43,0.43,5.11628,2.2000004,1,False
5060604,Up,2026-09-29T01:56:29.000Z,1790646989000,0.57,0.57,0.57,0.57,49.175439,28.03000023,1,False
5060604,Up,2026-09-29T01:56:30.000Z,1790646990000,0.58,0.59,0.58,0.59,48.542373,28.18000007,2,False
5060604,Down,2026-09-29T01:56:31.000Z,1790646991000,0.41,0.42,0.39,0.42,56.801395,22.32000053,3,False
5060604,Up,2026-09-29T01:56:31.000Z,1790646991000,0.62,0.62,0.62,0.62,5,3.1,1,False
5060604,Down,2026-09-29T01:56:32.000Z,1790646992000,0.42,0.42,0.42,0.42,35,14.7,3,False
5060604,Up,2026-09-29T01:56:33.000Z,1790646993000,0.57,0.58,0.57,0.58,61.09,34.8713,2,False
5060604,Up,2026-09-29T01:56:34.000Z,1790646994000,0.61,0.61,0.61,0.61,16.393443,10.00000023,1,False
5060604,Up,2026-09-29T01:56:35.000Z,1790646995000,0.6,0.6,0.6,0.6,1.666667,1.0000002,1,False
5060604,Down,2026-09-29T01:56:36.000Z,1790646996000,0.41,0.41,0.41,0.41,20,8.2,1,False
5060604,Up,2026-09-29T01:56:36.000Z,1790646996000,0.57,0.57,0.57,0.57,8.596492,4.90000044,2,False
5060604,Up,2026-09-29T01:56:37.000Z,1790646997000,0.57,0.57,0.57,0.57,1.754386,1.00000002,1,False
5060604,Up,2026-09-29T01:56:38.000Z,1790646998000,0.56,0.56,0.56,0.56,8.339286,4.67000016,1,False
5060604,Up,2026-09-29T01:56:39.000Z,1790646999000,0.56,0.56,0.56,0.56,2.071429,1.16000024,1,False
5060604,Down,2026-09-29T01:56:40.000Z,1790647000000,0.45,0.45,0.45,0.45,2.222223,1.00000035,1,False
5060604,Up,2026-09-29T01:56:40.000Z,1790647000000,0.56,0.56,0.56,0.56,10,5.6,2,False
5060604,Up,2026-09-29T01:56:42.000Z,1790647002000,0.62,0.62,0.62,0.62,25,15.5,1,False
5060604,Up,2026-09-29T01:56:44.000Z,1790647004000,0.63,0.63,0.63,0.63,1.587302,1.00000026,1,False
5060604,Down,2026-09-29T01:56:45.000Z,1790647005000,0.31,0.31,0.31,0.31,16.129033,5.00000023,1,False
5060604,Up,2026-09-29T01:56:45.000Z,1790647005000,0.65,0.65,0.65,0.65,40,26,1,False
5060604,Down,2026-09-29T01:56:46.000Z,1790647006000,0.31,0.31,0.31,0.31,5.322581,1.65000011,1,False
5060604,Up,2026-09-29T01:56:46.000Z,1790647006000,0.7,0.72,0.7,0.72,26.384602,18.49699918,3,False
5060604,Up,2026-09-29T01:56:47.000Z,1790647007000,0.73,0.73,0.73,0.73,254.643832,185.88999736,11,False
5060604,Up,2026-09-29T01:56:48.000Z,1790647008000,0.73,0.73,0.68,0.68,101.499862,69.08839926,2,False
5060604,Down,2026-09-29T01:56:49.000Z,1790647009000,0.36,0.36,0.36,0.36,2.777778,1.00000008,1,False
5060604,Up,2026-09-29T01:56:49.000Z,1790647009000,0.64,0.65,0.64,0.65,53,34.42,2,False
5060604,Down,2026-09-29T01:56:50.000Z,1790647010000,0.36,0.36,0.36,0.36,7.22,2.5992,1,False
5060604,Up,2026-09-29T01:56:50.000Z,1790647010000,0.63,0.63,0.63,0.63,1.587302,1.00000026,1,False
5060604,Down,2026-09-29T01:56:51.000Z,1790647011000,0.36,0.36,0.36,0.36,5,1.8,1,False
5060604,Up,2026-09-29T01:56:51.000Z,1790647011000,0.63,0.65,0.63,0.65,14.997302,9.54830026,3,False
5060604,Down,2026-09-29T01:56:52.000Z,1790647012000,0.36,0.36,0.36,0.36,30,10.8,3,False
5060604,Up,2026-09-29T01:56:52.000Z,1790647012000,0.65,0.65,0.64,0.64,102.24625,66.3176,5,False
5060604,Up,2026-09-29T01:56:53.000Z,1790647013000,0.64,0.66,0.64,0.66,58.5,38.01,3,False
5060604,Down,2026-09-29T01:56:54.000Z,1790647014000,0.33,0.33,0.32,0.32,19.730911,6.40480063,3,False
5060604,Up,2026-09-29T01:56:54.000Z,1790647014000,0.68,0.68,0.68,0.68,10,6.8,1,False
5060604,Down,2026-09-29T01:56:55.000Z,1790647015000,0.33,0.33,0.33,0.33,30.454546,10.05000018,1,False
5060604,Up,2026-09-29T01:56:56.000Z,1790647016000,0.66,0.66,0.62,0.62,97.412902,62.41199924,3,False
5060604,Down,2026-09-29T01:56:57.000Z,1790647017000,0.39,0.39,0.39,0.39,48,18.72,3,False
5060604,Up,2026-09-29T01:56:57.000Z,1790647017000,0.62,0.62,0.61,0.61,34.41,21.0401,2,False
5060604,Down,2026-09-29T01:56:58.000Z,1790647018000,0.37,0.37,0.37,0.37,12.3,4.551,1,False
5060604,Up,2026-09-29T01:56:59.000Z,1790647019000,0.64,0.67,0.64,0.67,20.625,13.35,2,False
5060604,Down,2026-09-29T01:57:00.000Z,1790647020000,0.31,0.31,0.31,0.31,5.322581,1.65000011,1,False
5060604,Up,2026-09-29T01:57:00.000Z,1790647020000,0.67,0.7,0.67,0.7,133.093041,90.66519829,6,False
5060604,Down,2026-09-29T01:57:01.000Z,1790647021000,0.31,0.38,0.31,0.38,39.995,13.0984,5,False
5060604,Up,2026-09-29T01:57:01.000Z,1790647021000,0.63,0.63,0.63,0.63,32.936508,20.75000004,2,False
5060604,Up,2026-09-29T01:57:02.000Z,1790647022000,0.62,0.63,0.62,0.63,8.782539,5.53199957,4,False
5060604,Down,2026-09-29T01:57:03.000Z,1790647023000,0.38,0.39,0.38,0.39,35,13.6,2,False
5060604,Up,2026-09-29T01:57:03.000Z,1790647023000,0.63,0.63,0.63,0.63,4.761905,3.00000015,1,False
5060604,Down,2026-09-29T01:57:05.000Z,1790647025000,0.4,0.47,0.4,0.47,27,11.64,4,False
5060604,Up,2026-09-29T01:57:05.000Z,1790647025000,0.61,0.61,0.61,0.61,162.983871,99.42016131,1,False
5060604,Up,2026-09-29T01:57:06.000Z,1790647026000,0.54,0.55,0.54,0.55,20.818182,11.3000001,2,False
5060604,Up,2026-09-29T01:57:07.000Z,1790647027000,0.56,0.56,0.56,0.56,57.732144,32.33000064,3,False
5060604,Up,2026-09-29T01:57:08.000Z,1790647028000,0.57,0.57,0.57,0.57,263.309828,150.08660196,1,False
5060604,Up,2026-09-29T01:57:09.000Z,1790647029000,0.55,0.57,0.55,0.57,8.724084,4.9000006,2,False
5060604,Down,2026-09-29T01:57:10.000Z,1790647030000,0.42,0.42,0.41,0.41,35.45,14.5845,2,False
5060604,Up,2026-09-29T01:57:10.000Z,1790647030000,0.57,0.57,0.57,0.57,12,6.84,1,False
5060604,Down,2026-09-29T01:57:11.000Z,1790647031000,0.41,0.41,0.41,0.41,13.63,5.5883,1,False
5060604,Down,2026-09-29T01:57:12.000Z,1790647032000,0.41,0.41,0.41,0.41,2.5,1.025,1,False
5060604,Up,2026-09-29T01:57:12.000Z,1790647032000,0.58,0.58,0.58,0.58,1.36,0.7888,1,False
5060604,Up,2026-09-29T01:57:15.000Z,1790647035000,0.57,0.57,0.57,0.57,50,28.5,1,False
5060604,Down,2026-09-29T01:57:17.000Z,1790647037000,0.44,0.56,0.44,0.53,160.065124,85.04000048,11,False
5060604,Up,2026-09-29T01:57:17.000Z,1790647037000,0.51,0.52,0.46,0.47,360.57,176.7407,8,False
5060604,Down,2026-09-29T01:57:18.000Z,1790647038000,0.53,0.53,0.49,0.49,79.12,41.8488,2,False
5060604,Up,2026-09-29T01:57:18.000Z,1790647038000,0.5,0.51,0.5,0.51,60,30.1,2,False
5060604,Down,2026-09-29T01:57:19.000Z,1790647039000,0.5,0.52,0.5,0.52,146.196079,74.82000029,3,False
5060604,Down,2026-09-29T01:57:20.000Z,1790647040000,0.52,0.54,0.52,0.54,126.153847,66.20000044,2,False
5060604,Up,2026-09-29T01:57:21.000Z,1790647041000,0.46,0.49,0.46,0.49,112.037827,51.91430042,6,False
5060604,Up,2026-09-29T01:57:22.000Z,1790647042000,0.51,0.56,0.51,0.56,84.88,44.6288,4,False
5060604,Down,2026-09-29T01:57:23.000Z,1790647043000,0.46,0.52,0.46,0.52,180.096154,90.85000008,5,False
5060604,Down,2026-09-29T01:57:25.000Z,1790647045000,0.48,0.48,0.48,0.48,2.083334,1.00000032,1,False
5060604,Up,2026-09-29T01:57:25.000Z,1790647045000,0.49,0.55,0.49,0.55,62.71434,33.1298002,4,False
5060604,Up,2026-09-29T01:57:26.000Z,1790647046000,0.55,0.57,0.55,0.57,74.555301,41.79660078,7,False
5060604,Down,2026-09-29T01:57:27.000Z,1790647047000,0.44,0.44,0.44,0.44,7.59,3.3396,1,False
5060604,Down,2026-09-29T01:57:28.000Z,1790647048000,0.44,0.44,0.44,0.44,20,8.8,2,False
5060604,Up,2026-09-29T01:57:28.000Z,1790647048000,0.56,0.57,0.56,0.57,140.08772,79.4500004,7,False
5060604,Down,2026-09-29T01:57:29.000Z,1790647049000,0.44,0.44,0.44,0.44,5,2.2,1,False
5060604,Down,2026-09-29T01:57:30.000Z,1790647050000,0.43,0.47,0.43,0.47,22.179705,10.03000043,4,False
5060604,Up,2026-09-29T01:57:30.000Z,1790647050000,0.57,0.57,0.54,0.54,8.754387,4.88000058,2,False
5060604,Down,2026-09-29T01:57:31.000Z,1790647051000,0.47,0.49,0.47,0.49,135,63.65,5,False
5060604,Up,2026-09-29T01:57:31.000Z,1790647051000,0.54,0.54,0.5,0.5,865.740742,465.99000068,17,False
5060604,Down,2026-09-29T01:57:32.000Z,1790647052000,0.51,0.51,0.51,0.51,35,17.85,1,False
5060604,Down,2026-09-29T01:57:34.000Z,1790647054000,0.48,0.5,0.47,0.5,557.909433,267.42000018,9,False
5060604,Up,2026-09-29T01:57:34.000Z,1790647054000,0.52,0.52,0.52,0.52,5,2.6,1,False
5060604,Down,2026-09-29T01:57:35.000Z,1790647055000,0.5,0.5,0.5,0.5,7.72,3.86,1,False
5060604,Up,2026-09-29T01:57:37.000Z,1790647057000,0.48,0.48,0.48,0.48,20.833334,10.00000032,1,False
5060604,Up,2026-09-29T01:57:38.000Z,1790647058000,0.52,0.52,0.52,0.52,32.26,16.7752,2,False
5060604,Down,2026-09-29T01:57:39.000Z,1790647059000,0.48,0.48,0.48,0.48,85,40.8,1,False
5060604,Up,2026-09-29T01:57:39.000Z,1790647059000,0.53,0.53,0.53,0.53,2.18868,1.1600004,1,False
5060604,Down,2026-09-29T01:57:40.000Z,1790647060000,0.49,0.49,0.49,0.49,638.29,312.7621,1,False
5060604,Down,2026-09-29T01:57:41.000Z,1790647061000,0.49,0.49,0.45,0.45,123.091633,56.15460017,4,False
5060604,Down,2026-09-29T01:57:43.000Z,1790647063000,0.46,0.47,0.46,0.47,15,6.95,2,False
5060604,Down,2026-09-29T01:57:44.000Z,1790647064000,0.51,0.51,0.51,0.51,50,25.5,1,False
5060604,Up,2026-09-29T01:57:44.000Z,1790647064000,0.5,0.5,0.5,0.5,5.5,2.75,1,False
5060604,Up,2026-09-29T01:57:45.000Z,1790647065000,0.49,0.51,0.49,0.51,74.793878,37.05100022,3,False
5060604,Down,2026-09-29T01:57:46.000Z,1790647066000,0.46,0.48,0.46,0.48,76.26,35.3922,3,False
5060604,Up,2026-09-29T01:57:46.000Z,1790647066000,0.53,0.53,0.53,0.53,17,9.01,1,False
5060604,Down,2026-09-29T01:57:47.000Z,1790647067000,0.48,0.48,0.48,0.48,10.416667,5.00000016,1,False
5060604,Down,2026-09-29T01:57:48.000Z,1790647068000,0.48,0.48,0.48,0.48,4.166667,2.00000016,1,False
5060604,Down,2026-09-29T01:57:49.000Z,1790647069000,0.46,0.46,0.46,0.46,55,25.3,2,False
5060604,Up,2026-09-29T01:57:49.000Z,1790647069000,0.53,0.56,0.53,0.54,394.744839,216.54040041,16,False
5060604,Up,2026-09-29T01:57:50.000Z,1790647070000,0.55,0.55,0.55,0.55,13.490908,7.4199994,1,False
5060604,Up,2026-09-29T01:57:51.000Z,1790647071000,0.55,0.56,0.55,0.56,21.2,11.762,2,False
5060604,Down,2026-09-29T01:57:54.000Z,1790647074000,0.46,0.52,0.46,0.52,249.506154,123.86680008,7,False
5060604,Up,2026-09-29T01:57:54.000Z,1790647074000,0.54,0.54,0.48,0.48,12.53,6.4722,2,False
5060604,Down,2026-09-29T01:57:55.000Z,1790647075000,0.6,0.63,0.6,0.63,109.086667,68.4247002,3,False
5060604,Down,2026-09-29T01:57:56.000Z,1790647076000,0.62,0.62,0.62,0.62,202.14516,125.3299992,2,False
5060604,Up,2026-09-29T01:57:56.000Z,1790647076000,0.36,0.4,0.36,0.4,231.810811,87.41000007,6,False
5060604,Down,2026-09-29T01:57:57.000Z,1790647077000,0.59,0.6,0.59,0.6,126.1,74.699,4,False
5060604,Up,2026-09-29T01:57:57.000Z,1790647077000,0.41,0.41,0.41,0.41,5,2.05,1,False
5060604,Down,2026-09-29T01:57:58.000Z,1790647078000,0.6,0.7,0.6,0.7,70.066667,44.2935002,7,False
5060604,Down,2026-09-29T01:57:59.000Z,1790647079000,0.7,0.7,0.7,0.7,71.84,50.288,3,False
5060604,Up,2026-09-29T01:57:59.000Z,1790647079000,0.3,0.3,0.29,0.3,44.166667,13.1459001,4,False
5060604,Down,2026-09-29T01:58:00.000Z,1790647080000,0.7,0.7,0.65,0.65,52.562887,35.27999396,7,False
5060604,Up,2026-09-29T01:58:00.000Z,1790647080000,0.33,0.36,0.33,0.36,116.638692,39.8335422,5,False
5060604,Down,2026-09-29T01:58:01.000Z,1790647081000,0.68,0.69,0.68,0.69,99.565215,67.99999835,4,False
5060604,Down,2026-09-29T01:58:02.000Z,1790647082000,0.69,0.74,0.68,0.74,299.968215,210.22399691,12,False
5060604,Down,2026-09-29T01:58:03.000Z,1790647083000,0.76,0.76,0.75,0.76,223.682093,168.10499068,10,False
5060604,Up,2026-09-29T01:58:03.000Z,1790647083000,0.25,0.25,0.25,0.25,61,15.25,5,False
5060604,Down,2026-09-29T01:58:04.000Z,1790647084000,0.73,0.73,0.72,0.72,21.52219,15.5767987,4,False
5060604,Up,2026-09-29T01:58:04.000Z,1790647084000,0.27,0.28,0.27,0.28,77.09,21.4443,3,False
5060604,Down,2026-09-29T01:58:05.000Z,1790647085000,0.72,0.72,0.72,0.72,8.333334,6.00000048,1,False
5060604,Up,2026-09-29T01:58:05.000Z,1790647085000,0.28,0.28,0.28,0.28,2.04,0.5712,1,False
5060604,Down,2026-09-29T01:58:06.000Z,1790647086000,0.7,0.7,0.69,0.7,25.190477,17.46000056,4,False
5060604,Up,2026-09-29T01:58:06.000Z,1790647086000,0.3,0.31,0.3,0.31,127.398065,39.10200015,4,False
5060604,Down,2026-09-29T01:58:07.000Z,1790647087000,0.7,0.7,0.7,0.7,20,14,2,False
5060604,Down,2026-09-29T01:58:08.000Z,1790647088000,0.7,0.7,0.65,0.65,25.601809,17.44999939,3,False
5060604,Up,2026-09-29T01:58:08.000Z,1790647088000,0.31,0.33,0.31,0.33,93.32,29.4191,3,False
5060604,Down,2026-09-29T01:58:09.000Z,1790647089000,0.68,0.75,0.68,0.75,79.021456,57.78644824,6,False
5060604,Down,2026-09-29T01:58:10.000Z,1790647090000,0.75,0.77,0.72,0.72,151.053534,113.74999316,10,False
5060604,Up,2026-09-29T01:58:10.000Z,1790647090000,0.24,0.27,0.24,0.27,23.333334,6.05000016,3,False
5060604,Down,2026-09-29T01:58:11.000Z,1790647091000,0.69,0.69,0.67,0.69,116.398115,78.40999354,9,False
5060604,Up,2026-09-29T01:58:11.000Z,1790647091000,0.28,0.32,0.28,0.32,135.478276,40.56840004,5,False
5060604,Down,2026-09-29T01:58:12.000Z,1790647092000,0.69,0.69,0.34,0.37,279.771574,99.94904431,6,False
5060604,Up,2026-09-29T01:58:12.000Z,1790647092000,0.33,0.73,0.32,0.66,526.488015,315.79114457,32,False
5060604,Down,2026-09-29T01:58:13.000Z,1790647093000,0.37,0.45,0.37,0.45,748.929398,302.34786542,14,False
5060604,Up,2026-09-29T01:58:13.000Z,1790647093000,0.66,0.66,0.55,0.55,75.309966,44.4389996,10,False
5060604,Down,2026-09-29T01:58:14.000Z,1790647094000,0.45,0.45,0.17,0.17,48.328824,14.17150008,4,False
5060604,Up,2026-09-29T01:58:14.000Z,1790647094000,0.55,0.87,0.54,0.83,682.77771,431.8849494,28,False
5060604,Down,2026-09-29T01:58:15.000Z,1790647095000,0.18,0.24,0.18,0.24,203.392858,43.83750018,12,False
5060604,Up,2026-09-29T01:58:15.000Z,1790647095000,0.84,0.84,0.78,0.78,75.416656,60.93999411,11,False
5060604,Down,2026-09-29T01:58:16.000Z,1790647096000,0.24,0.24,0.08,0.08,184.6,21.065,14,False
5060604,Up,2026-09-29T01:58:16.000Z,1790647096000,0.76,0.95,0.76,0.93,459.44817,427.98177221,24,False
5060604,Down,2026-09-29T01:58:17.000Z,1790647097000,0.08,0.11,0.08,0.11,255,26.04,10,False
5060604,Up,2026-09-29T01:58:17.000Z,1790647097000,0.93,0.93,0.89,0.9,132.36859,121.7701888,12,False
5060604,Down,2026-09-29T01:58:18.000Z,1790647098000,0.05,0.05,0.05,0.05,202,10.1,4,False
5060604,Up,2026-09-29T01:58:18.000Z,1790647098000,0.9,0.96,0.9,0.96,233.621541,222.32777936,14,False
5060604,Down,2026-09-29T01:58:19.000Z,1790647099000,0.05,0.07,0.05,0.07,195.53,12.9871,4,False
5060604,Up,2026-09-29T01:58:19.000Z,1790647099000,0.96,0.96,0.94,0.95,1079.15486,1030.83045,24,False
5060604,Down,2026-09-29T01:58:20.000Z,1790647100000,0.08,0.08,0.08,0.08,2,0.16,1,False
5060604,Up,2026-09-29T01:58:20.000Z,1790647100000,0.93,0.93,0.92,0.92,48.082327,44.56036411,7,False
5060604,Up,2026-09-29T01:58:21.000Z,1790647101000,0.93,0.93,0.91,0.93,363.248558,331.62565049,10,False
5060604,Down,2026-09-29T01:58:22.000Z,1790647102000,0.08,0.12,0.08,0.12,242.294,23.06306,6,False
5060604,Up,2026-09-29T01:58:22.000Z,1790647102000,0.93,0.93,0.89,0.89,70.756807,65.28995415,7,False
5060604,Down,2026-09-29T01:58:23.000Z,1790647103000,0.09,0.09,0.09,0.09,5,0.45,1,False
5060604,Up,2026-09-29T01:58:23.000Z,1790647103000,0.91,0.92,0.91,0.92,45.83,41.9678,5,False
5060604,Down,2026-09-29T01:58:24.000Z,1790647104000,0.09,0.09,0.09,0.09,100,9,3,False
5060604,Up,2026-09-29T01:58:24.000Z,1790647104000,0.92,0.92,0.92,0.92,33.293449,30.62997308,4,False
5060604,Down,2026-09-29T01:58:25.000Z,1790647105000,0.1,0.1,0.09,0.09,46.99,4.6291,2,False
5060604,Up,2026-09-29T01:58:25.000Z,1790647105000,0.9,0.91,0.9,0.91,24.414177,22.16100107,4,False
5060604,Down,2026-09-29T01:58:26.000Z,1790647106000,0.08,0.08,0.07,0.07,658.5,52.555,3,False
5060604,Up,2026-09-29T01:58:26.000Z,1790647106000,0.92,0.93,0.91,0.93,33.779603,31.16088304,4,False
5060604,Up,2026-09-29T01:58:27.000Z,1790647107000,0.87,0.89,0.87,0.89,185.320704,161.31779933,6,False
5060604,Up,2026-09-29T01:58:28.000Z,1790647108000,0.89,0.89,0.83,0.85,280.246012,241.71468778,8,False
5060604,Up,2026-09-29T01:58:29.000Z,1790647109000,0.85,0.85,0.85,0.85,66.352939,56.39999815,4,False
5060604,Up,2026-09-29T01:58:30.000Z,1790647110000,0.9,0.91,0.9,0.91,14.395606,13.05000146,4,False
5060604,Up,2026-09-29T01:58:31.000Z,1790647111000,0.93,0.95,0.93,0.94,131.378423,123.52496505,6,False
5060604,Up,2026-09-29T01:58:32.000Z,1790647112000,0.94,0.94,0.94,0.94,34.979766,32.88098004,4,False
5060604,Up,2026-09-29T01:58:33.000Z,1790647113000,0.94,0.94,0.94,0.94,31.914879,29.99998626,2,False
5060604,Up,2026-09-29T01:58:34.000Z,1790647114000,0.94,0.94,0.94,0.94,16.095733,15.12998902,2,False
5060604,Up,2026-09-29T01:58:35.000Z,1790647115000,0.94,0.94,0.93,0.93,33.734256,31.50190064,2,False
5060604,Down,2026-09-29T01:58:36.000Z,1790647116000,0.07,0.08,0.07,0.08,226.3,16.354,2,False
5060604,Up,2026-09-29T01:58:36.000Z,1790647116000,0.91,0.91,0.9,0.9,31.439554,28.53999414,4,False
5060604,Down,2026-09-29T01:58:37.000Z,1790647117000,0.15,0.17,0.15,0.16,63.757353,9.76000001,3,False
5060604,Up,2026-09-29T01:58:37.000Z,1790647117000,0.86,0.87,0.85,0.86,162.422049,138.87337466,10,False
5060604,Up,2026-09-29T01:58:38.000Z,1790647118000,0.86,0.86,0.86,0.86,30.279063,26.03999418,4,False
5060604,Down,2026-09-29T01:58:39.000Z,1790647119000,0.16,0.17,0.16,0.16,106.05,17.168,4,False
5060604,Up,2026-09-29T01:58:39.000Z,1790647119000,0.86,0.86,0.83,0.84,74.174281,61.88059604,3,False
5060604,Up,2026-09-29T01:58:40.000Z,1790647120000,0.84,0.87,0.84,0.87,118.254138,99.89520006,2,False
5060604,Down,2026-09-29T01:58:41.000Z,1790647121000,0.14,0.14,0.13,0.13,79.33,10.9729,3,False
5060604,Up,2026-09-29T01:58:41.000Z,1790647121000,0.87,0.88,0.87,0.88,238.511436,208.00051748,7,False
5060604,Down,2026-09-29T01:58:42.000Z,1790647122000,0.13,0.13,0.13,0.13,11.49,1.4937,1,False
5060604,Up,2026-09-29T01:58:42.000Z,1790647122000,0.87,0.87,0.87,0.87,2.298851,2.00000037,1,False
5060604,Down,2026-09-29T01:58:43.000Z,1790647123000,0.13,0.13,0.13,0.13,8.67,1.1271,1,False
5060604,Up,2026-09-29T01:58:43.000Z,1790647123000,0.87,0.87,0.87,0.87,41.016553,35.68440111,5,False
5060604,Up,2026-09-29T01:58:44.000Z,1790647124000,0.87,0.87,0.87,0.87,11.494245,9.99999315,3,False
5060604,Up,2026-09-29T01:58:45.000Z,1790647125000,0.88,0.88,0.88,0.88,13.522724,11.89999712,3,False
5060604,Down,2026-09-29T01:58:46.000Z,1790647126000,0.11,0.11,0.11,0.11,103.08182,11.3390002,3,False
5060604,Up,2026-09-29T01:58:46.000Z,1790647126000,0.9,0.9,0.89,0.9,69.12221,62.149989,4,False
5060604,Up,2026-09-29T01:58:47.000Z,1790647127000,0.89,0.89,0.89,0.89,366.584253,326.25998517,4,False
5060604,Up,2026-09-29T01:58:48.000Z,1790647128000,0.91,0.91,0.91,0.91,160,145.6,3,False
5060604,Down,2026-09-29T01:58:49.000Z,1790647129000,0.1,0.1,0.09,0.09,282.9,25.667,4,False
5060604,Down,2026-09-29T01:58:50.000Z,1790647130000,0.09,0.09,0.08,0.09,29.06,2.5988,5,False
5060604,Down,2026-09-29T01:58:51.000Z,1790647131000,0.08,0.08,0.08,0.08,10,0.8,2,False
5060604,Up,2026-09-29T01:58:51.000Z,1790647131000,0.93,0.94,0.93,0.94,344.623049,320.60581823,4,False
5060604,Down,2026-09-29T01:58:52.000Z,1790647132000,0.07,0.11,0.07,0.11,110.987143,8.98890001,5,False
5060604,Up,2026-09-29T01:58:52.000Z,1790647132000,0.94,0.94,0.9,0.9,39.680113,36.40997302,3,False
5060604,Up,2026-09-29T01:58:53.000Z,1790647133000,0.9,0.9,0.9,0.9,136.71888,123.046992,6,False
5060604,Down,2026-09-29T01:58:54.000Z,1790647134000,0.11,0.11,0.11,0.11,4.08,0.4488,1,False
5060604,Up,2026-09-29T01:58:54.000Z,1790647134000,0.89,0.89,0.89,0.89,256.535956,228.31700084,3,False
5060604,Up,2026-09-29T01:58:55.000Z,1790647135000,0.89,0.9,0.89,0.9,406.22217,364.599953,22,False
5060604,Down,2026-09-29T01:58:56.000Z,1790647136000,0.11,0.14,0.11,0.14,56.23091,7.1782001,3,False
5060604,Up,2026-09-29T01:58:56.000Z,1790647136000,0.9,0.91,0.85,0.86,186.801019,168.6439727,13,False
5060604,Down,2026-09-29T01:58:57.000Z,1790647137000,0.15,0.19,0.15,0.19,113.618367,18.44482239,6,False
5060604,Up,2026-09-29T01:58:57.000Z,1790647137000,0.85,0.85,0.82,0.84,458.279233,380.78997749,16,False
5060604,Down,2026-09-29T01:58:58.000Z,1790647138000,0.16,0.18,0.16,0.18,309.352942,49.96000014,16,False
5060604,Up,2026-09-29T01:58:58.000Z,1790647138000,0.83,0.84,0.83,0.84,59.51,49.4621,2,False
5060604,Down,2026-09-29T01:58:59.000Z,1790647139000,0.18,0.18,0.18,0.18,60,10.8,3,False
5060604,Up,2026-09-29T01:58:59.000Z,1790647139000,0.82,0.82,0.82,0.82,22.585354,18.51999028,4,False
5060604,Down,2026-09-29T01:59:00.000Z,1790647140000,0.11,0.11,0.1,0.11,92.72,9.5786,7,False
5060604,Up,2026-09-29T01:59:00.000Z,1790647140000,0.82,0.91,0.82,0.9,274.360709,228.57677803,24,False
5060604,Up,2026-09-29T01:59:01.000Z,1790647141000,0.9,0.9,0.9,0.9,148.644423,133.7799807,19,False
5060604,Up,2026-09-29T01:59:02.000Z,1790647142000,0.9,0.91,0.9,0.91,57.021884,51.47672848,4,False
5060604,Down,2026-09-29T01:59:03.000Z,1790647143000,0.06,0.06,0.04,0.05,165,9.6,3,False
5060604,Up,2026-09-29T01:59:03.000Z,1790647143000,0.94,0.96,0.94,0.96,138.447098,131.25090062,11,False
5060604,Down,2026-09-29T01:59:04.000Z,1790647144000,0.05,0.08,0.05,0.08,127.58,8.1356,4,False
5060604,Up,2026-09-29T01:59:04.000Z,1790647144000,0.96,0.96,0.93,0.93,50.054933,47.63045302,9,False
5060604,Down,2026-09-29T01:59:05.000Z,1790647145000,0.08,0.08,0.08,0.08,12.5,1,1,False
5060604,Up,2026-09-29T01:59:05.000Z,1790647145000,0.93,0.94,0.93,0.94,116.063816,107.94998704,3,False
5060604,Down,2026-09-29T01:59:06.000Z,1790647146000,0.03,0.03,0.03,0.03,64,1.92,1,False
5060604,Up,2026-09-29T01:59:06.000Z,1790647146000,0.94,0.97,0.94,0.97,118.829516,112.53958403,6,False
5060604,Up,2026-09-29T01:59:07.000Z,1790647147000,0.97,0.98,0.96,0.98,288.599133,280.23496101,5,False
5060604,Down,2026-09-29T01:59:08.000Z,1790647148000,0.03,0.03,0.03,0.03,34,1.02,1,False
5060604,Up,2026-09-29T01:59:08.000Z,1790647148000,0.98,0.98,0.98,0.98,349.43611,342.4473878,16,False
5060604,Down,2026-09-29T01:59:09.000Z,1790647149000,0.03,0.03,0.03,0.03,34,1.02,1,False
5060604,Up,2026-09-29T01:59:09.000Z,1790647149000,0.98,0.98,0.98,0.98,109.10195,106.919911,7,False
5060604,Up,2026-09-29T01:59:10.000Z,1790647150000,0.98,0.99,0.98,0.99,233.0477,230.479393,18,False
5060604,Up,2026-09-29T01:59:11.000Z,1790647151000,0.99,0.99,0.99,0.99,185.1212,183.269988,12,False
5060604,Down,2026-09-29T01:59:12.000Z,1790647152000,0.02,0.05,0.02,0.05,3236.296,90.9909,3,False
5060604,Up,2026-09-29T01:59:12.000Z,1790647152000,0.99,0.99,0.98,0.99,43.435862,42.84997276,6,False
5060604,Up,2026-09-29T01:59:13.000Z,1790647153000,0.99,0.99,0.98,0.99,799.2888,790.951912,15,False
5060604,Down,2026-09-29T01:59:14.000Z,1790647154000,0.02,0.02,0.02,0.02,50,1,1,False
5060604,Up,2026-09-29T01:59:14.000Z,1790647154000,0.98,0.99,0.98,0.99,526.8714,521.407586,8,False
5060604,Up,2026-09-29T01:59:15.000Z,1790647155000,0.99,0.99,0.99,0.99,35,34.65,2,False
5060604,Down,2026-09-29T01:59:16.000Z,1790647156000,0.01,0.01,0.01,0.01,550.99,5.5099,2,False
5060604,Up,2026-09-29T01:59:16.000Z,1790647156000,0.99,0.99,0.99,0.99,141.42,140.0058,7,False
5060604,Down,2026-09-29T01:59:17.000Z,1790647157000,0.01,0.01,0.01,0.01,810,8.1,4,False
5060604,Up,2026-09-29T01:59:17.000Z,1790647157000,0.99,0.99,0.99,0.99,232.6,230.274,10,False
5060604,Up,2026-09-29T01:59:18.000Z,1790647158000,0.99,0.99,0.99,0.99,40,39.6,1,False
5060604,Up,2026-09-29T01:59:20.000Z,1790647160000,0.99,0.99,0.99,0.99,10.2,10.098,1,False
5060604,Up,2026-09-29T01:59:22.000Z,1790647162000,0.99,0.99,0.99,0.99,1.75,1.7325,1,False
5060604,Up,2026-09-29T01:59:24.000Z,1790647164000,0.99,0.99,0.99,0.99,49.69,49.1931,1,False
5060604,Up,2026-09-29T01:59:25.000Z,1790647165000,0.99,0.99,0.99,0.99,25.28,25.0272,2,False
5060604,Up,2026-09-29T01:59:26.000Z,1790647166000,0.99,0.99,0.99,0.99,28.73,28.4427,1,False
5060604,Down,2026-09-29T01:59:44.000Z,1790647184000,0.01,0.01,0.01,0.01,13.51,0.1351,1,False
5060604,Up,2026-09-29T01:59:45.000Z,1790647185000,0.99,0.99,0.99,0.99,13.54,13.4046,1,False
5060604,Up,2026-09-29T01:59:48.000Z,1790647188000,0.99,0.99,0.99,0.99,12.12,11.9988,1,False
5060604,Up,2026-09-29T01:59:53.000Z,1790647193000,0.99,0.99,0.99,0.99,113.63,112.4937,1,False
